{"initial_reset_timestamp": 1515494837.6926098, "episode_types": ["t", "t", "t", "t", "t", "t", "t", "t", "t", "t"], "episode_rewards": [335.3214879022421, 338.56481132599197, 306.74469553038193, 307.41885730998416, 322.00780427567673, 322.28090050180526, 319.00175066183783, 334.78585029287416, 311.2267069506682, 311.50879664938134], "timestamps": [1515494838.3569126, 1515494839.0657027, 1515494839.2835796, 1515494839.3981812, 1515494839.5161731, 1515494839.6305585, 1515494839.7462394, 1515494839.8690526, 1515494840.4104326, 1515494840.639286], "episode_lengths": [65, 66, 59, 60, 62, 62, 62, 65, 60, 60]}