{"initial_reset_timestamp": 1515494936.4987352, "episode_types": ["t", "t", "t", "t", "t", "t", "t", "t", "t", "t"], "episode_rewards": [5497.417669719225, 5510.2600789615035, 5550.322920499628, 5527.735434968142, 1812.2052058988545, 5550.020910463927, 5539.215318880119, 5559.133729141709, 5479.550851995376, 5606.871241031236], "timestamps": [1515494943.4736803, 1515494950.7760975, 1515494951.5750072, 1515494952.2096152, 1515494952.4737518, 1515494953.1233642, 1515494953.8222682, 1515494954.548757, 1515494961.7618725, 1515494962.5502326], "episode_lengths": [1000, 1000, 1000, 1000, 410, 1000, 1000, 1000, 1000, 1000]}