{"initial_reset_timestamp": 1515494471.6397765, "episode_types": ["t", "t", "t", "t", "t", "t", "t", "t", "t", "t"], "episode_rewards": [3773.0839859485736, 3773.198783247951, 3769.423133121564, 3768.3002677149575, 3768.8020096889572, 3775.3824149302227, 3774.3293134301257, 3765.490089839179, 3777.858988181567, 3772.993997025377], "timestamps": [1515494478.5168931, 1515494485.4738822, 1515494486.097212, 1515494486.6703088, 1515494487.2420077, 1515494487.7847948, 1515494488.3501587, 1515494488.9192865, 1515494495.8025177, 1515494496.4065452], "episode_lengths": [1000, 1000, 1000, 1000, 1000, 1000, 1000, 1000, 1000, 1000]}