{"initial_reset_timestamp": 1515494763.7152183, "episode_types": ["t", "t", "t", "t", "t", "t", "t", "t", "t", "t"], "episode_rewards": [-623.8427042793207, -652.5601603812933, -594.7428346656495, -609.1970033356034, -627.5816813813129, -600.2506906391806, -654.9230437996279, -605.1946533175508, -656.6809016980052, -602.2462213063466], "timestamps": [1515494772.1909199, 1515494780.507375, 1515494782.8871531, 1515494785.1173337, 1515494787.2850585, 1515494789.617251, 1515494791.7717779, 1515494794.0586782, 1515494802.2805498, 1515494804.475852], "episode_lengths": [1000, 1000, 1000, 1000, 1000, 1000, 1000, 1000, 1000, 1000]}