{"initial_reset_timestamp": 1515494390.617092, "episode_types": ["t", "t", "t", "t", "t", "t", "t", "t", "t", "t"], "episode_rewards": [3777.40447380578, 3772.746975612159, 3774.0302583429348, 3788.451376719465, 3781.3567434209026, 3511.5725677949167, 3775.197181230809, 3771.8018110972876, 3747.719888341156, 3768.033768189998], "timestamps": [1515494397.591215, 1515494404.5735667, 1515494405.2218032, 1515494405.820657, 1515494406.42795, 1515494407.004437, 1515494407.5807648, 1515494408.1622977, 1515494415.122089, 1515494415.7432585], "episode_lengths": [1000, 1000, 1000, 1000, 1000, 1000, 1000, 1000, 1000, 1000]}