{"initial_reset_timestamp": 1515495021.5283625, "episode_types": ["t", "t", "t", "t", "t", "t", "t", "t", "t", "t"], "episode_rewards": [5510.714329613776, 5536.643003671827, 5553.462980338327, 5598.580045355408, 5538.2597127365825, 5572.712934893405, 5587.336206503184, 5593.371726058127, 5525.808800547481, 5534.519858265451], "timestamps": [1515495029.0003178, 1515495036.3546438, 1515495037.1726522, 1515495037.8787866, 1515495038.571026, 1515495039.2814739, 1515495039.9932752, 1515495040.6848218, 1515495047.928269, 1515495048.762118], "episode_lengths": [1000, 1000, 1000, 1000, 1000, 1000, 1000, 1000, 1000, 1000]}