{"initial_reset_timestamp": 1515494276.8677306, "episode_types": ["t", "t", "t", "t", "t", "t", "t", "t", "t", "t"], "episode_rewards": [4047.4852391100508, 4232.588821909942, 4122.5216400047675, 4086.531865615354, 4091.6534130915593, 4062.0442772791525, 4253.478159420809, 4023.7572352827865, 4146.761270101872, 4009.499797436261], "timestamps": [1515494283.9861045, 1515494291.1233075, 1515494291.676906, 1515494292.1605484, 1515494292.6451306, 1515494293.1159828, 1515494293.7006328, 1515494294.3142564, 1515494301.380515, 1515494301.9429371], "episode_lengths": [1000, 1000, 1000, 1000, 1000, 1000, 1000, 1000, 1000, 1000]}