{"initial_reset_timestamp": 1515494089.4758532, "episode_types": ["t", "t", "t", "t", "t", "t", "t", "t", "t", "t"], "episode_rewards": [538.2490933738083, 538.0670466653318, 536.8421362494215, 535.3727631985204, 537.7099936037805, 535.1605930389619, 535.8684605981517, 536.280616300249, 536.2434533312415, 535.3482960383698], "timestamps": [1515494096.7389128, 1515494103.9463797, 1515494105.1070106, 1515494106.211132, 1515494107.3236609, 1515494108.4210353, 1515494109.5249119, 1515494110.6409042, 1515494117.8222072, 1515494118.9729564], "episode_lengths": [1000, 1000, 1000, 1000, 1000, 1000, 1000, 1000, 1000, 1000]}