{"initial_reset_timestamp": 1515494850.832799, "episode_types": ["t", "t", "t", "t", "t", "t", "t", "t", "t", "t"], "episode_rewards": [-4.496529869219038, -7.400162379270761, -5.153850325987915, -11.939829157927992, -16.145850798084517, -17.77017928240872, -6.676983035743838, -13.65687058222554, -13.263915525255214, -9.797929521495629], "timestamps": [1515494851.2927706, 1515494851.7262123, 1515494851.805976, 1515494851.8365276, 1515494851.8697784, 1515494851.9002047, 1515494851.92842, 1515494851.9584196, 1515494852.3431163, 1515494852.4212296], "episode_lengths": [50, 50, 50, 50, 50, 50, 50, 50, 50, 50]}