{"initial_reset_timestamp": 1515494845.8370214, "episode_types": ["t", "t", "t", "t", "t", "t", "t", "t", "t", "t"], "episode_rewards": [-16.429505988459855, -9.466562537876724, -11.208542823990292, -8.802845499930706, -15.52795652465748, -18.88311657998428, -4.483552878228307, -3.791729029797879, -11.820598334338289, -12.832116072705162], "timestamps": [1515494846.2883642, 1515494846.7202237, 1515494846.8003128, 1515494846.8296332, 1515494846.8637195, 1515494846.8948114, 1515494846.923315, 1515494846.9528637, 1515494847.3386943, 1515494847.4133482], "episode_lengths": [50, 50, 50, 50, 50, 50, 50, 50, 50, 50]}