{"initial_reset_timestamp": 1515494198.484418, "episode_types": ["t", "t", "t", "t", "t", "t", "t", "t", "t", "t"], "episode_rewards": [4091.9264867275406, 4314.948377599401, 4001.058138626712, 4105.158593362755, 4226.705296668426, 4149.109467700344, 4146.784370656421, 4157.351738771791, 4307.734321382792, 4055.10482595766], "timestamps": [1515494205.332974, 1515494212.298748, 1515494212.8613157, 1515494213.3631701, 1515494213.874717, 1515494214.3489563, 1515494214.9422598, 1515494215.5136309, 1515494222.3581285, 1515494222.8799171], "episode_lengths": [1000, 1000, 1000, 1000, 1000, 1000, 1000, 1000, 1000, 1000]}