{"initial_reset_timestamp": 1515493969.3273902, "episode_types": ["t", "t", "t", "t", "t", "t", "t", "t", "t", "t"], "episode_rewards": [908.9654527538893, 908.7108198516785, 907.1663667355716, 906.5701016071622, 906.1237953791649, 907.1527440531056, 906.8119257032739, 908.8488420178427, 906.8417741884392, 906.9218160343679], "timestamps": [1515493977.3360658, 1515493984.8831398, 1515493986.0909495, 1515493987.2320538, 1515493988.502067, 1515493989.7389567, 1515493990.9114203, 1515493992.0697565, 1515493999.6248689, 1515494000.8183236], "episode_lengths": [1000, 1000, 1000, 1000, 1000, 1000, 1000, 1000, 1000, 1000]}